replace_word,word,similarity
スマブラ,スマブラDX,0.7500698703282491
新作,最新作,0.7503057801690278
野鳥,野鳥観察,0.7503328159391989
握手,握手会,0.7504002660287126
銀魂,銀魂.,0.7505804944128759
糖尿病,1型糖尿病,0.7508324581121835
鹿島アントラーズ,アントラーズサポーター,0.7512428169972464
Free!,Free!ES,0.7516214516422361
新刊,最新刊,0.7523117951272487
自分自身,自身,0.7524091286058803
外国人,外人,0.7525742950269256
現代,近現代,0.7529427721188878
プロレス,大日本プロレス,0.7529952668542529
新聞,新聞社,0.7541318360527638
戦車,戦車兵,0.7548763686365112
同人,同人誌,0.7551115129678811
音ゲー,音楽ゲーム,0.7551271229233242
テレビ,TV番組,0.7558573884882658
起業,起業家,0.7558993599842982
保育士,保育所,0.7561346492975791
看護師,看護,0.7564282561283424
拡散,拡散希望,0.7565788413136239
ももクロ,ももクロちゃん,0.7572700948190508
釣り,海釣り,0.7576835516035892
保育士,保育,0.7584465119369683
演技,演技力,0.7586928754097426
同性愛,同性,0.758693247759487
代表,副代表,0.7587922140316101
あるある,あるあるネタ,0.7593457069208591
小田急,小田急線,0.7594070265694679
山田くん,山田,0.759621478654157
ミリオン,アイドルマスターミリオンライブ!,0.7603696839901469
ことり,南ことり,0.7605999856235024
効率,効率的,0.7608032099987361
対戦,対戦相手,0.7611298442874102
塗装,板金塗装,0.7614481344358972
みぃちゃん,みーちゃん,0.7615810196626434
お絵描き,絵描き,0.7618387646894409
垂れ流し,垂れ,0.7621487824342608
唐揚げ,空揚げ,0.762211363328935
審判,審判員,0.7622174427870516
アート,現代アート,0.7623332248062002
ラジオ,TBSラジオ,0.7624621978850462
風花,豊川風花,0.7628083223248165
飼い主,飼主,0.7628229404730873
詐欺,詐欺師,0.7635171238848129
タワレコ,タワーレコード,0.7636026651618991
執行部,執行,0.764412640640733
作曲,作曲家,0.7646262516406271
阪急,阪急電車,0.7646659396561807
REBORN!,家庭教師ヒットマンREBORN!,0.7649416228420269
ロリショタ,おねショタ,0.7652220416513731
ブタ,ブタ鼻,0.7652969448089817
水曜日のダウンタウン,ダウンタウン,0.7654903620080817
応募,応募方法,0.7655187467778817
精神,精神的,0.7657119962324674
代表,元代表,0.7658213461318966
幼少期,幼少,0.7660280392453741
痛車,痛単車,0.7663883721079483
映画,映画鑑賞,0.7664033705053906
調整,調整中,0.7665141239929297
競馬,競走,0.7666099585116045
ナオト・インティライミ,インティライミ,0.7666694408597226
エロゲ,エロゲーマー,0.7670071318284549
どうぶつの森,とびだせ どうぶつの森,0.7670195630232605
お知らせ,おしらせ,0.7673940923866818
安保,安全保障,0.7675479278758605
コミック,コミックス,0.767718576947427
鏡音,鏡音リン,0.7677727683236308
お絵描き,絵かき,0.7679315997405469
焚き火,焚火,0.7679996665494899
すみっコぐらし,すみっこぐらし,0.7689792657583896
挨拶,ご挨拶,0.7695813849059223
人事,人事部,0.7697927122725488
選択,選択肢,0.7701836840053824
航空,航空祭,0.7702671356768892
逆裁,大逆転裁判,0.7706155783024241
ヴィジュアル系,ヴィジュアル,0.7710712366582191
資格,資格者,0.7717471752818182
エンターテイメント,エンタテインメント,0.7718452210979864
イニD,イニシャルD,0.7719705511678405
デザイナー,デザイナ,0.7722235284997919
ちんちん,チンコ,0.7725418611929689
戦隊モノ,戦隊もの,0.7727469299977063
居酒屋,酒屋,0.7728663257661651
ラジオパーソナリティー,ラジオパーソナリティ,0.7728914291030441
まどマギ,まどかマギカ,0.7734511477496004
引っ越し,引越し,0.7735493879546103
お断り,断り,0.7735993118375593
ドラマ,TVドラマ,0.7737470321752666
炭酸,炭酸飲料,0.7738490742410996
藤子不二雄,藤子・F・不二雄,0.7738641141410126
ガンダム,Gガンダム,0.7742229262580991
脚本,脚本家,0.7754783696231082
柔道,柔道部,0.7766626271527955
ピンドラ,輪るピングドラム,0.7771810114409828
弓道,弓道部,0.7772417271917256
恋姫,恋姫無双,0.7772977333144795
ごめんね。,ごめん,0.7777418981623663
考古学,考古,0.7779602539798411
おっぱい,おっぱい星人,0.7780474734328555
らき☆すた,らきすた,0.7785859905248308
ちんぽ,ちんこ,0.7787198939108102
お話,お話し,0.7799002314127276
大阪出身,大阪府出身,0.780588038931499
思いつき,思い付き,0.7806040828062322
落書き,落書,0.7818152482249049
甘えん坊,甘えんぼ,0.7818537788971573
お姉ちゃん,姉ちゃん,0.7821714767935207
バトスピ,バトルスピリッツ,0.7830442129602535
ラブライブ!,ラブライブ!サンシャイン!!,0.7839999012668659
自分自身,私自身,0.7842434024392921
部長,副部長,0.7846745428904014
練習,練習中,0.7851395968052481
ガルパン,ガルパンはいいぞ,0.7863517314208736
ヒカ碁,ヒカルの碁,0.7875065476681842
反対,反対派,0.7878827269209523
二次創作,2次創作,0.7880629634748473
俳優,俳優さん,0.7883118862832685
シャーマンキング,マンキン,0.7889994637693748
空リプ,空中リプライ,0.7896048512300954
仮面ライダー,仮面ライダーシリーズ,0.7900301607047577
三國無双,真・三國無双,0.7902337920398318
西武,埼玉西武,0.7906891857180802
就活,就職活動,0.7907566152375861
ダンガンロンパ,ダンガンロンパシリーズ,0.7913642289598835
都道府県,47都道府県,0.7913731614410182
ラノベ,ライトノベル,0.791874572008864
トイプードル,プードル,0.7919171104119526
合唱,合唱団,0.7920317368103956
気まぐれ,きまぐれ,0.793258121384593
THE IDOLM@STER,THE IDOLM@STER MILLION LIVE!,0.7934646519347125
編み物,編物,0.7936376051161154
まちづくり,街づくり,0.7937843810888545
開発,開発中,0.7939040478632743
クラシック,クラッシック,0.7942536739026609
スノボ,スノーボーダー,0.7951627835445876
シミュレーション,シュミレーション,0.7957946816231629
パフォーマンス,パフォーマー,0.7967772899160778
備忘録,忘備録,0.7968580854505009
刀剣,刀剣乱舞,0.7969251479911241
アニオタ,アニメオタク,0.7979940163970441
グレンラガン,天元突破グレンラガン,0.7991749641527178
キャノン,キヤノン,0.7992152219134452
中学,中学校,0.7996100974877886
ほぼ日手帳,ほぼ日,0.799711227661721
暮らし,暮し,0.7997392820413728
会長,副会長,0.7997472203387059
クトゥルフ,クトゥルフ神話,0.8003481229897645
フェミニズム,フェミ,0.8010233465816032
ペルソナ,ペルソナ5,0.8012347439162648
発達障害,発達障害者,0.8013461014964274
球場,野球場,0.8014183097142598
放射能,放射脳,0.8017484820520355
バトルガールハイスクール,バトルガール,0.8018700611710612
簿記,日商簿記,0.8019782373405225
ノスタルジック,ノスタルジー,0.8022881669833486
翻訳,翻訳者,0.8025980960161796
大好物,好物,0.8026643112936067
贔屓,贔屓目,0.8026945164953108
プログラミング,プログラム,0.8028283667799581
商品,商品情報,0.8030032416594148
メタル,メタルコア,0.8031415536097057
まどマギ,まどか☆マギカ,0.8033211762510714
猛禽類,猛禽,0.8033239976772595
武道館,日本武道館,0.8037103477602763
Hey!Say!JUMP,Hey!Say!,0.8041530526474212
展開,展開中,0.8041734530100021
福祉,社会福祉,0.8042482628095781
咲夜,咲夜さん,0.8045074530048191
サモンナイト,サモナイ,0.8045174914232618
討鬼伝,討鬼伝2,0.8045838892705275
主張,主義主張,0.8048257297311852
遠距離恋愛,遠距離,0.8049552841297
慢性,慢性的,0.8051679376734271
短編,短編集,0.8052081960336904
コンピュータ,コンピューター,0.8052965704348759
メトロ,東京メトロ,0.8053625284040133
ケロロ軍曹,ケロロ,0.8056053615951044
お手数,手数,0.8056258521031232
指導,指導者,0.8058888412160367
政治,政治ネタ,0.8060270501778053
天文学,天文,0.8065655165400367
講演,講習会,0.8075595590865149
体操,新体操,0.8077287387176726
三代目J Soul Brothers,三代目J Soul Brothers from EXILE TRIBE,0.8078005422106249
アフィリエイト,アフェリエイト,0.8082812236678748
乗り物,乗物,0.8083015329522784
チャリ,チャリンコ,0.8086126039666529
ガンダム,ガンダムUC,0.8090091534290121
ガンダム,ガンダムSEED,0.8090091534290121
シモネタ,シモ,0.8092541634011308
ジャンヌ,ジャンヌ・ダルク,0.8093187618291988
キリスト教,キリスト,0.8093404436989067
エンジョイ勢,エンジョイ,0.8095417991336374
マリオカート,Mario Kart Wii,0.8099188280269829
マリオカート,Mario Maker,0.8099188280269829
アフィリア,アフィリア・サーガ,0.8099953285588175
子ども,こども,0.8100039149718928
自己満,自己満足,0.8103236459645822
組み合わせ,組合せ,0.8107379245036925
バレー,バレーボール部,0.8114273538925825
バドミントン,バトミントン,0.8118292773702876
金儲け,儲け,0.8120168503108489
大手,大手企業,0.8122709624420812
鏡音,鏡音レン,0.8127054829610587
陸上,陸上部,0.8129412931118261
ネギま,ネギま!,0.8132014092825589
占星術,西洋占星術,0.8134404928335488
お母さん,母さん,0.8135155508979943
鑑定,鑑定士,0.8135441544017797
ギフト,ギフト券,0.8135785482671569
お誘い,誘い,0.813835545409034
格闘技,総合格闘技,0.813925505058243
バラエティ,バラエティー番組,0.8140103442670134
クラシック,クラシック音楽,0.8140482725394707
中学,東中学校,0.8142959616791882
うみねこ,うみねこのなく頃に,0.8145398270341213
雑貨,雑貨屋,0.8146578919195819
フリゲ,フリーゲーム,0.8147195461717367
ベンチャー,ベンチャー企業,0.8147279320384321
中古,中古品,0.8148737866100723
進行,進行中,0.8149581167690761
ボランティア,ボランティア活動,0.8159227387304355
学園アリス,学アリ,0.8159856991680163
ドルヲタ,ドルオタ,0.8161688346272509
イナイレ,イナズマイレブン,0.8162420362736618
コメディ,コメディー,0.8170145689150384
日本文化,日本の文化,0.8170826331082692
声楽,声楽家,0.8172281122227402
あ~ちゃん,あーちゃん,0.8173437964568773
銀英伝,銀河英雄伝説,0.8181273276768565
ソフトボール,ソフトボール部,0.8182636288354035
アルビレックス新潟,アルビレックス,0.8182996505001953
連載,連載開始,0.8184677126147926
公務員,国家公務員,0.8185161235186139
スキューバダイビング,スキューバ,0.8185992550735409
フェミニズム,フェミニスト,0.8187260996181911
オールナイトニッポン,オールナイトニッポン0,0.8188283599895834
レギュラー,準レギュラー,0.8190449261419942
ポケモンカード,ポケモンカードゲーム,0.8193948507414686
馬券,万馬券,0.8197307423788716
ボディ,ボディー,0.8202875235987113
鹿児島ユナイテッド,鹿児島ユナイテッドFC,0.8203872602219617
考え,考え方,0.8205274637299296
チェンクロ,チェインクロニクル,0.8216600826966641
アイドルオタク,ドルヲタ,0.8216940051821426
ガンダム,ガンダムW,0.821807108283815
三味線,三線,0.8224618663599624
ドルヲタ,アイドルヲタ,0.822469123401278
機器,周辺機器,0.8227061596944332
ヤクルト,東京ヤクルト,0.8227857950180395
吉本新喜劇,よしもと新喜劇,0.8237794192264649
アーケード,アーケードゲーム,0.8248297720801829
ギャグマンガ日和,ギャグ日,0.8252511525165032
千葉ロッテマリーンズ,千葉ロッテ,0.8257299037967806
セーラームーン,セラムン,0.8258985758151274
ディバゲ,ディバインゲート,0.8263546312541159
松竹座,松竹,0.8266664389850158
空母,航空母艦,0.8274972058939696
ヴァニタスの手記,ヴァニタス,0.8275641241552479
鎮守府,舞鶴鎮守府,0.8290523631441901
サブカル,サブカルチャー,0.8290736902653006
病院,総合病院,0.8295593527035867
ラジオ,インターネットラジオ,0.8298263662579977
わからん,分からん,0.8301581464884326
おジャ魔女,おジャ魔女どれみ,0.8303039015140569
転勤,転勤族,0.8306804792444241
旦那,旦那さん,0.8306833462692809
仙台育英,育英,0.8307956865474233
ポニーテール,ポニテ,0.831154182085305
アニオタ,アニヲタ,0.8317643970952735
音大,東京音大,0.8321948129448684
船舶,小型船舶,0.8323177000487664
作曲,作詞作曲,0.8323631327981058
メイド,メイドさん,0.8326392628130372
体育,体育科,0.8328622398560814
数珠,数珠丸,0.8330242381486537
静画,静止画,0.8335867134835482
ロキノン系,ロキノン,0.833813703890202
骨董,骨董品,0.8341545857145818
ジャニヲタ,ジャニ,0.8350756850199048
街並み,町並み,0.8351041054092383
BLゲー,BLゲーム,0.8352722572680678
ガンバ大阪,ガンバ,0.8353494283918026
射精,射精管理,0.8353509105002431
喫茶店,純喫茶,0.8353726793839431
物理,物理学,0.8354376828604542
ニュース,気になるニュース,0.8354645724494114
化学,化学科,0.8364628129690093
モモンガ,フクロモモンガ,0.8365602341551998
レイトン,レイトン教授,0.8366516466139322
鍼灸,鍼灸院,0.8369331813995691
プロレス,全日本プロレス,0.8370735626022395
プロレス,新日本プロレス,0.8370735626022395
活動,活動中,0.8370773683125551
コミュニティ,コミュニティー,0.837176751537133
サーバー,サーバ,0.8372602940912615
陸上部,陸上競技部,0.8374809706525261
シレン,風来のシレン,0.8379299849593597
仮面ライダー,仮面ライダー電王,0.8379512820475499
クラリネット,バスクラリネット,0.8380881343261568
双極性障害,性同一性障害,0.8383334914918673
無頼,無頼派,0.8387670059545473
地理,地理学,0.8388378992692249
鎮守府,呉鎮守府,0.8388691398534138
数理,数理科学,0.8389035331974548
うまるちゃん,干物妹!うまるちゃん,0.839096082588012
チーズ,チーズケーキ,0.8394329953792891
ジャイアンツ,読売ジャイアンツ,0.8394371532024281
武術,中国武術,0.8394756758767303
ウルトラマン,ウルトラマンオーブ,0.8395402526867748
焼肉,焼き肉,0.8395437010377316
リム,リムる,0.8397842304630447
災害,自然災害,0.8401155468679142
据え置き,据置,0.8401354269375467
フィルム,フィルムカメラ,0.8403673827332242
災害,災害時,0.8411197390795271
選び,選び方,0.8411639469593469
Dragon's Dogma,Dragon's Dogma Online,0.8414108606441089
ジャンプ,週刊少年ジャンプ,0.8415816961010949
定休,日曜定休,0.8415860649221643
ペルソナ,ペルソナ4,0.8421385226540254
横浜FC,横浜F,0.8430693375068729
マクロスF,マクロス7,0.8435250861686799
出会い系,出合い系,0.8437209174865332
吹奏楽,吹奏楽部,0.8437795422729717
腐女子,腐女,0.8438066298585432
炭酸,炭酸水,0.8439029091718009
ハヤテのごとく,ハヤテのごとく!,0.843916927036447
キュウレンジャー,宇宙戦隊キュウレンジャー,0.8439762417282507
テイルズ,テイルズシリーズ,0.8440040026173999
スマブラ,スマブラfor,0.844167989247092
メルマガ,メールマガジン,0.8444403231303936
発売,発売中,0.8446590328501232
スターウォーズ,スター・ウォーズ,0.844964448633168
早苗,早苗さん,0.8450069320883821
阪神タイガース,タイガース,0.8450442001926746
リョナ,リョナラー,0.8451151176543388
ハロヲタ,ハロオタ,0.8452901156590265
高校野球,球児,0.8454692375015054
お小遣い,小遣い,0.8454740659473059
アイカツ!,アイカツスターズ!,0.8458087838072954
うる星やつら,うる星,0.8465796666672879
擬人化,擬人,0.8467468031720553
有名人,著名人,0.8468789899667484
工業,工業高校,0.8471877629505984
家庭菜園,菜園,0.8476498203637297
声優,声優さん,0.8476739358430899
RPGツクール,RPGツクールMV,0.8476993849944234
MOTHERシリーズ,MOTHER2,0.8479751278817707
ゼルダ,ゼル伝,0.8489620745330637
浪人,仮面浪人,0.849504957218973
幽白,幽遊白書,0.8495979904237821
ToLOVEる,To LOVEる,0.8500133993794865
近現代史,近現代,0.8500847585317799
名言,名言集,0.8501205341622053
マネジメント,マネージメント,0.8501532774510691
アフィリエイト,アフィリエイター,0.8505533684589055
片思い,片想い,0.8508075375295765
Follow Me,Follow me,0.8509222642229992
リリカルなのは,魔法少女リリカルなのは,0.8509913928641406
生誕祭,生誕,0.8510629543806034
未成年,未成年者,0.8511620300142806
バクマン,バクマン。,0.8512961413091813
音大,音楽大学,0.8515551287400399
不動産,不動産業,0.8516296230368594
パーティー,パーティ,0.8518498770279088
戦隊シリーズ,スーパー戦隊シリーズ,0.8526262419867141
らんま,らんま1/2,0.8526500712066927
ポイント,ポイントサイト,0.8530482285650169
スーパー戦隊,スーパー戦隊シリーズ,0.8531418607081289
ガンダム,ガンダムOO,0.8535139619903365
ガンダム,ガンダムW,0.8535139619903365
音楽制作,楽曲制作,0.853656786748237
クォーター,クオーター,0.8537386259547205
逆裁,逆転裁判,0.8538952679324676
バンギャ,オバンギャ,0.8539791978297118
求人,求人募集,0.8543792554909327
ミリオタ,ミリヲタ,0.8544030678361649
けいおん,けいおん!!,0.8545874396324984
プチプラ,プチプラコスメ,0.8546580175031327
ポケモン,ポケットモンスター,0.8547843073293911
ポケットモンスター サン・ムーン,#ポケモン_サン・ムーン,0.8547843073293911
ハイスピード,ハイ☆スピード!,0.8548341096793673
海軍,日本海軍,0.8548527682637541
金融,金融機関,0.8549590854361142
スポット,観光スポット,0.8553919514013459
風景,風景写真,0.8554095750596289
北海道日本ハムファイターズ,北海道日本ハム,0.8554147414225013
ウテナ,少女革命ウテナ,0.8555383106860617
志田愛佳,愛佳,0.8559901551133136
法政,法政二,0.856148675396657
ポケットモンスター サン・ムーン,ポケモンムーン,0.8562387562226719
神姫,武装神姫,0.8564914683818463
アイスタ,アイカツスターズ!,0.8569836080141335
インコ,セキセイインコ,0.8570529033086443
居合,居合道,0.857137583660343
免許,運転免許,0.8572847461313355
千葉ロッテマリーンズ,マリーンズファン,0.8572860666732671
舞踊,日本舞踊,0.8573960719242018
理事,理事長,0.8575693170662195
暗号通貨,通貨,0.8580285649728576
展示,展示会,0.8582424424759398
ミリオン,ミリオンライブ!,0.8585013449230867
横浜アリーナ,横アリ,0.8586482851943135
金剛,金剛型,0.8591083011751133
地学,地理学,0.8591731427572334
開催,開催中,0.8594033345349387
キャラクターデザイン,キャラデザイン,0.8594239016482113
軽音,軽音楽,0.8595115683271674
神経,神経症,0.8597851173374732
誹謗中傷,誹謗,0.8598021887947815
出版,出版社,0.8601260552202961
各地,全国各地,0.8602399592962646
化学,有機化学,0.8602872390830767
キャラデザ,キャラデザイン,0.8603106712642618
幼馴染,幼馴染み,0.8603747945237021
勇者ヨシヒコ,ヨシヒコ,0.8603890454127794
司令,司令官,0.8604541775045
ちんちん,おちんちん,0.8605577259158887
出場,大会出場,0.8606120452267069
厨二病,中二病,0.8606147159991934
特別支援教育,特別支援学校,0.860658809024283
ご注文はうさぎですか?,ご注文はうさぎですか,0.8607691409193143
郵便,郵便局,0.8607794288304821
アカメ,アカメが斬る,0.8612335345515603
懸賞,懸賞応募,0.8612542195779531
プリリズ,プリティーリズム,0.8621879744730323
穂乃果,高坂穂乃果,0.8622897299189192
うつ病,躁うつ病,0.8624349161650756
法政,法政大,0.8625059930740957
オールナイトニッポン,星野源のオールナイトニッポン,0.8626333923037507
ニコニコ動画,ニコニコ,0.8628836217443623
レ・ミゼラブル,レミゼ,0.8632058074226201
軟式野球,軟式野球部,0.8633638103076626
METAL GEAR,METAL GEAR SOLID,0.8634117930604521
動画編集,画像編集,0.8635589176432732
浦和,浦和サポ,0.8636171668429082
リアル脱出ゲーム,脱出ゲーム,0.8637161396725181
バンブラP,バンブラ,0.8638457186790094
保険,生命保険,0.8640231538368726
講演,講演会,0.8640838428433166
頭痛,偏頭痛,0.8643407191492772
刺身,お刺身,0.8645185199524326
グラフィックデザイナー,グラフィックデザイン,0.8645356942567108
日払い,払い,0.8645499320243901
埼玉西武ライオンズ,ライオンズ,0.8647140478996578
お絵書き,お絵かき,0.8647374989599631
3月のライオン,三月のライオン,0.8647426353741411
らじらー,らじらー!,0.86480140229377
女体化,女体,0.8650331020138916
CHRONO TRIGGER,CHRONO CROSS,0.8652438970767025
三菱東京UFJ,三菱UFJ,0.8653174456349505
クワガタ,オオクワガタ,0.8655278289233728
ニセコイ,二セコイ,0.8656608186905297
千葉ロッテマリーンズ,ロッテファン,0.8658949253106277
虐待,児童虐待,0.8659820476674079
メロコア,メタルコア,0.8659866362070077
吉本新喜劇,新喜劇,0.8661061308662823
ミステリ,ミステリー,0.8662318814781763
キュウレンジャー,キョウリュウジャー,0.8663520803615707
外野,外野席,0.8663563923981143
格ゲー,格闘ゲーム,0.8667268784459732
情報科学,情報科,0.8667957939173059
実施,実施中,0.8670111327654084
ユーフォ,響け!ユーフォニアム,0.8670277920700901
中二病でも恋がしたい,中二病でも恋がしたい!,0.8671700251686887
うしとら,うしおととら,0.8677617657844172
お絵描き,お絵書き,0.8677968076557487
メロスピ,メロデス,0.8678389164787008
メタル,ヘビメタ,0.8679819776153046
無双,戦国無双,0.8680592094784393
飲食店,飲食,0.8681827164751359
ポケモン,Pokemon!,0.8684127357916109
ソフトウェア,ソフトウェア開発,0.8684127357916109
新日,新日本,0.8684736159573714
日本の文化,日本の歴史,0.8684968359192016
殿堂入り,殿堂,0.8685397761561864
小狐丸,小烏丸,0.8689175820704258
中島裕翔,裕翔,0.8689247489380173
ゆうきゃん,ゆーきゃん,0.8689506301430603
るろ剣,るろうに剣心,0.8695930046571428
ジャニヲタ,ジャニオタ,0.8697377060619607
古本屋,古書店,0.8698736057919396
古本,古書,0.8698736057919396
黒ウィズ,ウィズ,0.8699639367621914
国防,国防軍,0.8700621683004695
ときメモGS,ときメモ,0.8701905789856124
霊夢,博麗霊夢,0.8702945066617007
優勝,準優勝,0.8704664589237763
和泉守兼定,大和守安定,0.8706375210921977
ミニオン,ミニオンズ,0.8706607469598211
サンシャイン,ラブライブ!サンシャイン!!,0.8712839145966684
京王,京王線,0.8713347040513874
コルダ,金色のコルダ,0.8713377462848121
エロゲ,エロゲー,0.8714982794876056
ペルソナ,ペルソナシリーズ,0.8719991405117846
バラエティ,バラエティ番組,0.8720932771731386
風俗,風俗店,0.8721045749970348
ネオロマ,ネオロマンス,0.8721229494114338
ネットビジネス,インターネットビジネス,0.8722264450133891
お手伝い,手伝い,0.8722446782750797
胡椒,塩・胡椒,0.8724773420602743
アルスラーン戦記,アルスラーン,0.8725642389964731
活字,活字中毒,0.8726759642502833
一眼レフ,一眼,0.8727297150110938
作曲,作編曲,0.8729755739117471
バイオリン,ヴァイオリン,0.8731425723737557
駅伝,箱根駅伝,0.8733030473881945
レアル・マドリード,レアルマドリー,0.8733162923543654
シンセサイザー,シンセ,0.8733972090504268
震災,震災後,0.8734775986103729
マンコ,手マン,0.8735157045554099
三味線,津軽三味線,0.873728817586803
無双,三国無双,0.8744114330207756
編集,編集部,0.8745644159420756
ひぐらし,ひぐらしのなく頃に,0.8746538823368432
一眼レフ,一眼レフカメラ,0.8750599337364539
夕焼け,朝焼け,0.8752321638163998
日本共産党,共産党,0.8756890040510235
不毛な議論,山里亮太の不毛な議論,0.8759259705423603
安保,安保法案,0.8759341580770716
南中,南中学校,0.8761175577851582
テイルズ,テイルズオブシリーズ,0.8762533386835465
あんさんぶるスターズ!,あんさんぶるスターズ,0.8767470446310488
情報工学,情報学,0.8775313586546909
吹き替え,吹替え,0.8777266924283238
印刷,印刷物,0.8779093519634125
マリノス,F・マリノス,0.8780055377571716
三国志,三國志,0.8781754074199342
プロレスラー,レスラー,0.8784177086898268
ねんど。,ねんどろいど,0.8785916088698204
一口馬主,一口,0.8789010636545933
ファフナー,蒼穹のファフナー,0.8789756391632799
宝塚,宝塚歌劇,0.8790169792579903
一口馬主,馬主,0.8790662214121591
日ハム,日本ハム,0.8790830832666934
糖質制限,糖質,0.8790889173453877
震災,大震災,0.8791088792798549
聖剣,聖剣伝説,0.8792057638555192
タロット,タロット占い,0.8792453466931994
カメラ,ミラーレス一眼,0.8794027014436238
きんモザ,きんいろモザイク,0.8795540467890697
よつばと!,よつばと,0.879561087522717
よつばと!,よつばと!,0.879561087522717
マクロスF,マクロスΔ,0.8795909404912094
禁書,禁書目録,0.8797159538604684
鎮守府,横須賀鎮守府,0.8797318577431027
委託,委託販売,0.8798086528527633
伝統,伝統文化,0.8799943780771493
ヴィジュアル系,ビジュアル系,0.8800243598390245
京セラ,京セラドーム,0.8801376127294162
淡水魚,海水魚,0.8802578006903744
期間,期間中,0.880425088330697
パルマ,囚われのパルマ,0.8807127399015658
英語,英単語,0.8807907562170117
面白,面白味,0.8808307730605635
浪人,浪人生,0.8811777979872919
トレーダー,デイトレーダー,0.8812791857954612
作詞,作詞作曲,0.8813851092054238
アスタリスク,学戦都市アスタリスク,0.8819032963189345
でんぱ組,でんぱ組.inc,0.8820210172747185
あなたに,あなたへ,0.8820469429359991
アイディア,アイデア,0.8821244967510482
モータースポーツ,モタスポ,0.8821889847758141
慶應,慶應義塾,0.882275110254654
バンギャ,バンギャル,0.8822788471050652
そらおと,そらのおとしもの,0.8823257881833291
時事ネタ,時事,0.8825930402463191
ギャルゲー,ギャルゲ,0.8826950810640742
オーガナイザー,オーガナイズ,0.8830436248938177
恐怖,対人恐怖症,0.8830968291214408
大宮アルディージャ,アルディージャ,0.8834621935336159
サバゲー,サバゲ,0.8835149210805416
資産,資産運用,0.8835688662559317
出産,出産予定,0.8837753559631425
美容室,美容院,0.8840482314685987
ベイブレード,ベイブレードバースト,0.884207736325866
修士,修士課程,0.8842734793320993
女神転生,真・女神転生,0.8843001102275079
報道,偏向報道,0.8846796743490066
演奏,定期演奏会,0.8854920362954442
板金塗装,板金,0.8857025703063549
管弦楽,管弦,0.8858504325709546
日テレ,日本テレビ,0.8861907396205069
パーナ,パーナさん,0.8863294295548797
人類学,文化人類学,0.8865245405873381
編曲,編曲家,0.8865471209698137
球団,12球団,0.8866158933026407
球場,神宮球場,0.8867040016885046
スーパーカブ,スーパーカブ50,0.8867811424597325
管弦楽,管弦楽団,0.8867845038004547
メロディ,メロディー,0.8868381109609901
コンサル,経営コンサルタント,0.8869956105544055
スワローズ,ヤクルトスワローズ,0.8871747166722809
自営業,自営,0.8873059592437333
精神,疾患,0.8873283766864278
ウリエル,ガブリエル,0.8876642410716169
中日ドラゴンズ,ドラゴンズ,0.8878415218883495
セキュリティ,情報セキュリティ,0.8878712732480085
冴えない彼女の育てかた,冴えない彼女の育て方,0.8879197726325608
合気道,居合道,0.8881498787086946
AB型,A型,0.8883772526980643
中退,高校中退,0.8886056882609279
文房具,文具,0.8887313567217956
黒ウィズ,魔法使いと黒猫のウィズ,0.8888799384254815
野草,山野草,0.8889864747513097
鈴本美愉,鈴本,0.889130236603312
新撰組,新選組,0.8892824699097495
艦船,艦船模型,0.8893930020871338
愛国心,愛国,0.8894888740438079
東京ドーム,京セラドーム,0.8895882580404467
ドリフターズ,ドリフ,0.8897417880927345
工学,理工学,0.8897882796800546
工学,工学部,0.8897882796800546
権力,権力者,0.8902097326428471
黒ウィズ,黒猫のウィズ,0.8904392683104658
松本山雅,松本山雅FC,0.8907660877403399
魔法科高校の劣等生,魔法科,0.8908813811006775
千秋楽,千穐楽,0.8910528653318909
手渡し,手渡,0.8912647550632806
宝塚,宝塚歌劇団,0.8914985055403826
露出,野外露出,0.8921890322847783
東京ヤクルトスワローズ,東京ヤクルト,0.8922529143054252
Hey!Say!,Hey!,0.892344452452166
近代,近代史,0.8924599081758862
カービィ,星のカービィ,0.8924666628343936
君の名は。,君の名は,0.8928084068976447
ストライクウィッチーズ,ブレイブウィッチーズ,0.8929808659366395
情報工学,情報工学科,0.8931053501548366
日ハム,北海道日本ハム,0.8936420845437256
ユーリ!!!on ICE,ユーリ!!! on ICE,0.8936442480615508
ドラマ,韓流ドラマ,0.8936760685572882
舞踊,日舞,0.8937230769701454
読売巨人軍,巨人軍,0.8941170378285653
浦和レッズ,レッズ,0.8959507351167622
うつ病,抑うつ,0.8961181266683704
カイワレハンマー,カイワレ,0.8963141961501901
単行本,単行,0.8966911206574604
情報科学,情報学,0.8971362883552385
事務局,事務局長,0.8971430469664526
時事ネタ,時事問題,0.8972337650940083
ファジアーノ岡山,ファジアーノ,0.8972348569302502
支持,支持者,0.8973931672180253
城ホ,城ホール,0.8974192114817674
金儲け,儲け話,0.8977481422243083
トレラン,トレイルラン,0.8977775974015341
でんぱ組,でんぱ,0.8978258616733166
味覚音痴,味音痴,0.8979746949556804
どうぶつの森,どう森,0.8980083845022655
鉄拳,鉄拳7,0.8980818234637018
JR東日本,JR東,0.8980871430252746
ベガルタ仙台,ベガルタ,0.8982317598n276148
アナウンサー,フリーアナウンサー,0.8982428701482469
左翼,反日左翼,0.8987850741238615
ゼルダ,ゼルダの伝説,0.8989027692244711
自閉症,自閉症スペクトラム障害,0.8989901443499144
自閉症,自閉症スペクトラム,0.8989901443499144
収入,副収入,0.8992545789633705
妊娠,妊娠中,0.8995377219550724
同業者,同業,0.8995396424394217
求人,求人情報,0.8997326816662057
ひなビタ♪,ひなビタ,0.8998056042539481
三國無双,三国無双,0.8999782263639903
無党派,無党派層,0.900400134052004
発達障害,広汎性発達障害,0.9004551751099567
E-girls,E-Girls,0.9005745733936414
柏レイソル,レイソル,0.9006431733675717
アカメ,アカメが斬る!,0.90089817247242
不眠症,不眠,0.9011336603650298
リトバス,リトルバスターズ!,0.9017880236572446
プラモ,プラモデル,0.9023445670410284
理科,理数,0.9025023260603442
埼玉西武ライオンズ,埼玉西武,0.9028706361109388
双極性障害,解離性障害,0.9028742096034772
保守,保守派,0.9032487870187816
ボダブレ,ボダ,0.90355669153445
振付,振り付け,0.9035701481010496
理学療法士,作業療法士,0.9037460536255076
雑貨屋,雑貨屋さん,0.90461592058255
鍼灸,鍼灸師,0.9053069231608496
グラビア,グラビアアイドル,0.9058416193546001
ジョーカー・ゲーム,ジョーカーゲーム,0.9058515637874126
北海道コンサドーレ札幌,コンサドーレ札幌,0.905852857445586
焼き鳥,焼鳥,0.9058740768192968
野党,野党共闘,0.9059597335920898
優待,株主優待,0.9060298632354888
ダイビング,スキューバダイビング,0.906316637259078
埼玉西武ライオンズ,西武ライオンズ,0.906556332727484
コンサル,コンサルタント,0.9067679286022128
ボウリング,ボーリング,0.9070129673883962
ゴーカイ,ゴーカイジャー,0.907183599004284
統計,統計学,0.9074297437791836
学園祭,大学祭,0.9076758653275052
京阪,京阪電車,0.9076825924981756
ボートレース,オートレース,0.9077163576258279
問い合わせ,問合せ,0.90786443270129
糖尿病,糖尿,0.9079090231230422
ロウきゅーぶ,ロウきゅーぶ!,0.9080849979251536
クトゥルフ,クトゥルフ神話TRPG,0.908346766614082
かるた,競技かるた,0.9084630712328045
ウイスキー,ウィスキー,0.908522515781151
社労士,社会保険労務士,0.9087319037652204
中山優馬,優馬,0.9087489839247066
マスコミ,マスゴミ,0.9090306874386316
相撲,大相撲,0.9092964381469292
買取,買い取り,0.9093760257670941
東京ドーム,ドーム,0.9094612573012142
モンハンX,モンハン4,0.9096395151934036
楽天イーグルス,東北楽天ゴールデンイーグルス,0.909786060181732
封神,封神演義,0.9100848824292492
乙女ゲーム,乙女ゲー,0.9101861706361968
淡水魚,淡水,0.9103374459340784
ホテヘル,ホテルヘルス,0.9105846446524573
千葉ロッテマリーンズ,マリーンズ,0.9109594363059952
維新,維新の会,0.9110863921770131
レアル・マドリード,マドリー,0.9112223662623355
歴史学,史学,0.9114191531371012
栄養士,管理栄養士,0.9117950068371488
戦国鍋,戦国鍋TV,0.9118598631470016
ハイネ,王室教師ハイネ,0.9120505121704344
サンフレッチェ広島,サンフレ,0.9121388843163468
ロアッソ熊本,ロアッソ,0.91221272535412
公明党,公明,0.9122390061309474
硬式野球,硬式野球部,0.9122768870315184
保守,保守系,0.9126747927288872
連載,連載中,0.9135931313570432
三菱東京UFJ,三菱東京UFJ銀行,0.9137683162318354
民主主義,民主,0.9141017305138248
マリノス,横浜F・マリノス,0.9145201520633952
近代,近現代,0.9145663388287876
モー娘。,モー娘,0.9147717783252076
かぎ針編み,かぎ針,0.9148669854839182
京都サンガ,京都サンガF.C.,0.9153198282872016
責め,言葉攻め,0.916254842765013
鹿島アントラーズ,アントラーズ,0.9166013664248134
横浜DeNAベイスターズ,横浜ベイスターズ,0.9166155358650944
学会,学生会,0.9166918006354996
バラエティ,バラエティー,0.9167375575964514
民俗学,民俗,0.9168413618883352
バツイチ,バツ,0.9169506353054548
四天,四天宝寺,0.9170925550153736
広島東洋カープ,広島カープ,0.9171241798483508
藤井夏恋,夏恋,0.9172484772155644
湘南ベルマーレ,ベルマーレ,0.9175723457752204
定形外,定形,0.9176416844897844
西潟茉莉奈,西澤瑠莉奈,0.9176593827666956
誹謗中傷,中傷,0.9186727084135501
近現代史,近代史,0.9188507572561482
双極性障害,強迫性障害,0.9190604319284548
代表取締役,取締役,0.9191820543900124
アビスパ福岡,アビスパ,0.9194301586137116
北海道コンサドーレ札幌,コンサドーレ,0.9194308692454056
魔法科高校の劣等生,魔法科高校,0.9194969590737884
けいおん,けいおん!,0.9197851228504
キジトラ,キジ,0.9201229643092992
国会議員,議員,0.9204944042354212
プログラミング,プログラマー,0.920656734712502
AKB48グループ,AKBグループ,0.9209695631173036
劇団☆新感線,新感線,0.9211426450843148
投資,個人投資家,0.9213559291808074
走り幅跳び,走幅跳,0.9214156219892558
取引,取り引き,0.9215178550374548
インプレッサ,インプ,0.9220240801643492
実行委員,実行委員会,0.9226532329797664
パーソナリティ,パーソナリティー,0.9230808365348968
冴えカノ,冴え,0.923399088228538
改憲,改憲派,0.9237054156161016
三国志大戦,戦国大戦,0.924064105277776
幽白,幽☆遊☆白書,0.9247991666546672
ユーフォ,ユーフォニアム,0.9248522847871852
関西Jr.,関西ジャニーズJr.,0.9248651998338421
アルペジオ,蒼き鋼のアルペジオ,0.9253171947260296
理工,理工学,0.9255625215404188
代表取締役,代表取締役社長,0.9260993290154916
清水エスパルス,エスパルス,0.9265023038312022
理事,代表理事,0.9270002215384916
ソフトバンク,ソフトバンクホークス,0.9275971319390186
川崎フロンターレ,フロンターレ,0.928240644451324
名古屋グランパス,グランパス,0.9284455037494788
反日,反日勢力,0.928512267852322
委員,副委員長,0.9290165964366578
投資信託,投信,0.929059959638184
セレッソ大阪,セレッソ,0.9292383916176196
エンターテイメント,エンターテインメント,0.9293516445656206
世界樹,世界樹の迷宮,0.9307533193179162
マリカ,マリカー,0.9314264936067168
フレームアームズ・ガール,フレームアームズ,0.9316033224009472
精神障害,精神障害者,0.9317025299231124
千葉ロッテマリーンズ,千葉ロッテ,0.9317305366066262
北海道日本ハムファイターズ,日本ハムファイターズ,0.9328342984340016
ツキウタ。,ツキウタ,0.932965590846639
ジェジュン,ジュンス,0.9332072003778548
軟式野球,軟式野球部,0.9342963789814964
理工,理工学部,0.93694190999148
東京ヤクルトスワローズ,ヤクルトスワローズ,0.9382188331227208
オリックス・バファローズ,バファローズ,0.9390948346552312
吉野北人,北人,0.9423584861455016
みるるん,みなるん,0.943225803268526
ジュビロ磐田,ジュビロ,0.9432383475549526
WEBサイト,Webサイト,0.9437361415229664
三井住友,三井住友銀行,0.9439860328416884
とびっこ,とびっ子,0.9446333739965214
水彩,透明水彩,0.9449892858981248
Wii・U,Wii U,0.9462838399126932
森田美勇人,美勇人,0.9467012378321656
アスペルガー,アスペルガー症候群,0.9467357707490228
自民党,自民党支持,0.947536283416204
がっこうぐらし,がっこうぐらし!,0.9490291033024879
泊地,柱島泊地,0.9492048810752912
自傷,自傷行為,0.949242692792377
日本国,日本国民,0.9519364130117144
インターン,インターンシップ,0.952854388652032
とらドラ,とらドラ!,0.9541277151576408
外資系,外資,0.9546959359651972
報道,偏向,0.9582949026911576
自民党,自民,0.9618558049696458
自民党,民進党,0.9636568541757188
パ・リーグ,パリーグ,0.96379174219822
日本共産党,共産,0.9665357703986808
振込,振り込み,0.9670833409431454
秘密保護法,特定秘密保護法,0.9672358724990501
売国奴,売国,0.9707077686370102
過食,過食嘔吐,0.9748746141825729
登録商標,商標,0.975455104929868
